{
  "v6": {
    "country_probe_acc": 0.9407594936708861,
    "biome_random_acc": 0.935,
    "loco_mean_acc": 0.5620325148102926,
    "diagnostic": {
      "pH": {
        "r2_mean": 0.9622024810870775,
        "r2_std": 0.016255999668131477
      },
      "Total_Carbon": {
        "r2_mean": 0.9316839892324177,
        "r2_std": 0.02857522207081818
      },
      "Total_Nitrogen": {
        "r2_mean": 0.9051486485819755,
        "r2_std": 0.04337315407977039
      }
    }
  },
  "v7": {
    "country_probe_acc": 0.8698734177215188,
    "biome_random_acc": 0.8975,
    "loco_mean_acc": 0.48750960973183194,
    "diagnostic": {
      "pH": {
        "r2_mean": 0.7613643637979814,
        "r2_std": 0.0894684598735861
      },
      "Total_Carbon": {
        "r2_mean": 0.7810109833995477,
        "r2_std": 0.045351601276140206
      },
      "Total_Nitrogen": {
        "r2_mean": 0.6828526160349714,
        "r2_std": 0.06496351728462273
      }
    }
  },
  "v8": {
    "country_probe_acc": 0.4273417721518987,
    "biome_random_acc": 0.6325,
    "loco_mean_acc": 0.30525934970379415,
    "diagnostic": {
      "pH": {
        "r2_mean": 0.06988460752423216,
        "r2_std": 0.03819254042265699
      },
      "Total_Carbon": {
        "r2_mean": -0.008360668047805797,
        "r2_std": 0.007114627620273786
      },
      "Total_Nitrogen": {
        "r2_mean": 0.09738652784451282,
        "r2_std": 0.0412995892378274
      }
    }
  },
  "v9": {
    "country_probe_acc": 0.18835443037974683,
    "biome_random_acc": 0.305,
    "loco_mean_acc": 0.2634106634106634,
    "diagnostic": {
      "pH": {
        "r2_mean": 0.1083187276916614,
        "r2_std": 0.06238757440623307
      },
      "Total_Carbon": {
        "r2_mean": -0.016934095695770156,
        "r2_std": 0.022333670449139628
      },
      "Total_Nitrogen": {
        "r2_mean": 0.08391357337468322,
        "r2_std": 0.042015236497233474
      }
    }
  }
}