{
  "backbone": "gaia_v6",
  "n_classes": 4,
  "tasks": {
    "pH": {
      "n": 192,
      "n_class": 4,
      "class_counts": [
        49,
        51,
        48,
        44
      ],
      "bin_edges": [
        5.92,
        7.11,
        7.36,
        7.48,
        7.61
      ],
      "gaia": {
        "acc": 0.7435897435897436,
        "balanced_acc": 0.7472222222222222,
        "macro_f1": 0.7432216905901117
      },
      "rf": {
        "acc": 0.8205128205128205,
        "balanced_acc": 0.8222222222222222,
        "macro_f1": 0.8193637502848029
      },
      "majority_baseline": {
        "acc": 0.2564102564102564,
        "balanced_acc": 0.25,
        "macro_f1": 0.1020408163265306
      },
      "gaia_confusion_matrix": [
        [
          9,
          0,
          1,
          0
        ],
        [
          0,
          6,
          1,
          3
        ],
        [
          0,
          2,
          6,
          2
        ],
        [
          0,
          1,
          0,
          8
        ]
      ]
    },
    "Total_Carbon": {
      "n": 192,
      "n_class": 4,
      "class_counts": [
        50,
        46,
        50,
        46
      ],
      "bin_edges": [
        1.52,
        1.766257,
        1.94732445,
        2.1562649,
        2.5093346
      ],
      "gaia": {
        "acc": 0.8974358974358975,
        "balanced_acc": 0.8972222222222221,
        "macro_f1": 0.8995798319327731
      },
      "rf": {
        "acc": 0.9230769230769231,
        "balanced_acc": 0.925,
        "macro_f1": 0.9244949494949495
      },
      "majority_baseline": {
        "acc": 0.2564102564102564,
        "balanced_acc": 0.25,
        "macro_f1": 0.1020408163265306
      },
      "gaia_confusion_matrix": [
        [
          9,
          0,
          0,
          1
        ],
        [
          0,
          8,
          1,
          0
        ],
        [
          1,
          0,
          9,
          0
        ],
        [
          0,
          0,
          1,
          9
        ]
      ]
    },
    "Total_Nitrogen": {
      "n": 192,
      "n_class": 4,
      "class_counts": [
        51,
        50,
        46,
        45
      ],
      "bin_edges": [
        0.118,
        0.149,
        0.171,
        0.192,
        0.252
      ],
      "gaia": {
        "acc": 0.9230769230769231,
        "balanced_acc": 0.9194444444444444,
        "macro_f1": 0.9194444444444444
      },
      "rf": {
        "acc": 0.9230769230769231,
        "balanced_acc": 0.9166666666666666,
        "macro_f1": 0.9182449494949495
      },
      "majority_baseline": {
        "acc": 0.28205128205128205,
        "balanced_acc": 0.25,
        "macro_f1": 0.11000000000000001
      },
      "gaia_confusion_matrix": [
        [
          11,
          0,
          0,
          0
        ],
        [
          0,
          9,
          0,
          1
        ],
        [
          0,
          1,
          8,
          0
        ],
        [
          0,
          0,
          1,
          8
        ]
      ]
    }
  }
}