{
  "dataset": "USDA Potato (Yield_per_meter)",
  "n_samples": 423,
  "n_genera_cols": 1591,
  "split": "80/20",
  "gaia_v4": {
    "r2": 0.047241261534450296,
    "rmse": 1765.3063547323002,
    "mae": 1240.1952185393181
  },
  "rf": {
    "r2": 0.26088107474188393,
    "rmse": 1302.4133735361863
  }
}