{
  "backbone": "gaia_v6",
  "n_embedded": 2000,
  "country": {
    "n": 1978,
    "n_classes": 16,
    "lr_acc": 0.9413642756680731,
    "lr_bal_acc": 0.9343597192991924,
    "lr_f1": 0.911178492186784,
    "rf_acc": 0.9206201253036695,
    "rf_bal_acc": 0.7256833725625469,
    "rf_f1": 0.7560454515135325,
    "majority_baseline_acc": 0.4413549039433772
  },
  "envo_biome_2": {
    "n": 2000,
    "n_classes": 7,
    "lr_acc": 0.9489999999999998,
    "lr_bal_acc": 0.9248785693714346,
    "lr_f1": 0.9098016755256986,
    "rf_acc": 0.932,
    "rf_bal_acc": 0.8744523885036332,
    "rf_f1": 0.8920943523209205,
    "majority_baseline_acc": 0.6135
  }
}